Spectrum	Peptide	Peptide Length	Class	Hyperscore	Qvalue	OpenProt_Hits	OpenProt_Protein_Type	OpenProt_Gene_Name	OpenProt_Transcript_Accession	OpenProt_Protein_Length	OpenProt_Full_Sequence	OpenProt_Full_Description
GR_LCL_2D_ETHCD_fr2_immunopeptidome.01526.01526.2	APHNPAPPM	9	Spliced_only	20.319	0.00016072002572	IP_597092	AltProt (Novel Alternative Protein)	IFITM4P	ENST00000441380.1,NR_001590.1	113	MNHTAQTFFIPANSGCPPPPPNPSYEMLKEEHEVAVLGAPHNPAPPMSTMIHICSETSVSDYVVWSLSNILFMNPHCLGFIAFTYSLKSRDRKMVGDLTGAQAYASTAKYLNI	IP_597092|TX=9606 OS=Human GN=IFITM4P TA=ENST00000441380.1,NR_001590.1 PA=IP_597092
GR_LCL_2D_ETHCD_fr2_immunopeptidome.01993.01993.2	APRAPPAAL	9	Spliced_only	28.583	0.00182738262581	IP_300360	AltProt (Novel Alternative Protein)	UBQLN2	NM_013444.4,ENST00000338222.7	33	MARAAAPRAPPAALLRPKARLLPRLSLKSSKSR	IP_300360|TX=9606 OS=Human GN=UBQLN2 TA=NM_013444.4,ENST00000338222.7 PA=IP_300360
GR_LCL_2D_ETHCD_fr2_immunopeptidome.02782.02782.2	GPSGLRPAL	9	Spliced_only	26.774	0.00016072002572	IP_057547	AltProt (Novel Alternative Protein)	MIB2	XM_047446736.1,XM_047446741.1,XM_047446747.1,XM_047446731.1,XM_047446594.1,XM_047446738.1,XM_047446735.1,ENST00000483015.1	128	MGRRLLGLPGARRRLPRACPGARPHRRLSCRPATGLGPPRQRGADGGRGGRLLPGAGGRRRELHQPPRSEPAGPGRRGSRAQGPSGLRPALPGAAGGRGRGPGPQANARDPQHRDEPARGRRAGARGR	IP_057547|TX=9606 OS=Human GN=MIB2 TA=XM_047446736.1,XM_047446741.1,XM_047446747.1,XM_047446731.1,XM_047446594.1,XM_047446738.1,XM_047446735.1,ENST00000483015.1 PA=IP_057547
GR_LCL_2D_ETHCD_fr5_immunopeptidome.02606.02606.2	GRLALAAAR	9	Spliced_only	46.773	0.0	IP_699993	AltProt (Novel Alternative Protein)	ZNF429	NM_001346912.2,NM_001346916.2,NR_144522.2,NM_001001415.4,NR_144524.2,NR_144523.2,NR_144526.2,ENST00000358491.9,ENST00000597078.5,XM_017026748.3,XM_047438765.1,NR_144525.2,ENST00000596237.5,NM_001346913.2,NM_001346915.2,ENST00000596126.1,NM_001346914.2	32	MAGRLALAAARAPGLVFISVSFVLRGPACVAL	IP_699993|TX=9606 OS=Human GN=ZNF429 TA=NM_001346912.2,NM_001346916.2,NR_144522.2,NM_001001415.4,NR_144524.2,NR_144523.2,NR_144526.2,ENST00000358491.9,ENST00000597078.5,XM_017026748.3,XM_047438765.1,NR_144525.2,ENST00000596237.5,NM_001346913.2,NM_001346915.2,ENST00000596126.1,NM_001346914.2 PA=IP_699993
GR_LCL_2D_ETHCD_fr3_immunopeptidome.01665.01665.2	IPSGGRQSL	9	Spliced_only	27.836	0.00199150292087	IP_688449; IP_3773891; IP_3773898; IP_4484481	AltProt (Novel Alternative Protein)	ENSG00000283103.4	ENST00000659246.1,ENST00000658331.1,ENST00000634676.2,ENST00000669883.1,ENST00000651375.3	55	MEVLDVPVDNLKEHGTWDMTAPSIPSGGRQSLSVRQHPAFMRTVCCLLTEPPVVY	IP_688449|TX=9606 OS=Human GN=ENSG00000283103.4 TA=ENST00000659246.1,ENST00000658331.1,ENST00000634676.2,ENST00000669883.1,ENST00000651375.3 PA=IP_688449
GR_LCL_2D_ETHCD_fr6_immunopeptidome.02901.02901.3	KILPYQLKR	9	Spliced_only	44.236	0.0	II_648783; Q6ZMI0-4	Isoform (Novel Predicted Isoform)	PPP1R21	ENST00000460299.1	112	MRDIAGQALAFVQDLVTALLNFHTYTEQRIQIFPVDSAIDTISPLNQKFSQYLHENASYVRPLEEGMLHLFESITEDTVTVLETTVKLKTFSEHLTSYICFLRKILPYQLKR	II_648783|TX=9606 OS=Human GN=PPP1R21 TA=ENST00000460299.1 PA=II_648783
GR_LCL_2D_ETHCD_fr7_immunopeptidome.04024.04024.3	KRNPKAFAF	9	Spliced_only	28.91	0.00047732696897	IP_789048	AltProt (Novel Alternative Protein)	BMS1P4,BMS1P4-AGAP5	NR_160426.1,ENST00000441263.1,ENST00000580790.1,ENST00000584747.5,NR_160427.1,NR_026592.2,NR_160425.1,ENST00000399449.3	97	METKDQKKQRKKNSGPKAAKKKKRHLQDLQLGDEEDAWKRNPKAFAFQSAVWMARSFHRTQDLKTKKHHIPVVDRTPLEPPPIVVVVMGPPKLERAL	IP_789048|TX=9606 OS=Human GN=BMS1P4,BMS1P4-AGAP5 TA=NR_160426.1,ENST00000441263.1,ENST00000580790.1,ENST00000584747.5,NR_160427.1,NR_026592.2,NR_160425.1,ENST00000399449.3 PA=IP_789048
GR_LCL_2D_ETHCD_fr5_immunopeptidome.04482.04482.3	LPGSRRLAL	9	Spliced_only	22.927	0.00408065290446	IP_226269	AltProt (Novel Alternative Protein)	FUT8	ENST00000673929.1,NM_001371533.1	42	MGPALLRVARPGPSSLSVSRCQRLPGSRRLALCLSQWRRRLR	IP_226269|TX=9606 OS=Human GN=FUT8 TA=ENST00000673929.1,NM_001371533.1 PA=IP_226269
GR_LCL_2D_ETHCD_fr5_immunopeptidome.04266.04266.3	QPRDRAAIEL	10	Spliced_only	24.436	0.00288112238507	Q9BQI3-2	RefProt (Canonical Protein)	EIF2AK1	NM_001134335.2	629	MQGGNSGVRKREEEGDGAGAVAAPPAIDFPAEGPDPEYDESDVPAEIQVLKEPLQQPTFPFAVANQLLLVSLLEHLSHVHEPNPLRSRQVFKLLCQTFIKMGLLSSFTCSDEFSSLRLHHNRAITHLMRSAKERVRQDPCEDISRIQKIRSREVALEAQTSRYLNEFEELAILGKGGYGRVYKVRNKLDGQYYAIKKILIKGATKTVCMKVLREVKVLAGLQHPNIVGYHTAWIEHVHVIQPRDRAAIELPSLEVLSDQEEDREQCGVKNDESSSSSIIFAEPTPEKEKRFGESDTENQNNKSVKYTTNLVIRESGELESTLELQENGLAGLSASSIVEQQLPLRRNSHLEESFTSTEESSEENVNFLGQTEAQYHLMLHIQMQLCELSLWDWIVERNKRGREYVDESACPYVMANVATKIFQELVEGVFYIHNMGIVHRDLKPRNIFLHGPDQQVKIGDFGLACTDILQKNTDWTNRNGKRTPTHTSRVGTCLYASPEQLEGSEYDAKSDMYSLGVVLLELFQPFGTEMERAEVLTGLRTGQLPESLRKRCPVQAKYIQHLTRRNSSQRPSAIQLLQSELFQNSGNVNLTLQMKIIEQEKEIAELKKQLNLLSQDKGVRDDGKDGGVG	Q9BQI3-2|TX=9606 OS=Human GN=EIF2AK1 TA=NM_001134335.2 PA=Q9BQI3-2,NP_001127807.1
GR_LCL_2D_ETHCD_fr5_immunopeptidome.01145.01145.3	RPRGPTPPA	9	Spliced_only	24.709	0.00066406574251	IP_782105	AltProt (Novel Alternative Protein)	MAP3K11	ENST00000524856.1	121	MLFPAGGRRAEKSETPPSTSASRPRGQSTKGGGRRERGRSRRGQRRRGQEQAVSAQLRTLPPPPAQKDPTGVEALPLKAPPYTWRGPEPGSQDCSRTEGSSGPSKLAMVRRRRPRGPTPPA	IP_782105|TX=9606 OS=Human GN=MAP3K11 TA=ENST00000524856.1 PA=IP_782105
GR_LCL_2D_ETHCD_fr5_immunopeptidome.04032.04032.2	RVDGRMLQY	9	Spliced_only	38.407	0.00043516100957	B7Z7G3; Q68DV6; B7Z2C0	RefProt (Canonical Protein)		Unknown	758	MDGDIDVYKHFSWLKRSQVNHHSAASNETYQERLARLEGDKESLILQVSVLTDQVEAQGEKIRDLEVCLEGHQVKLNAAEEMLQQELLSRTSLETQKLDLMTEVSELKLKLVGMEKEQREQEEKQRKAEELLQELRHLKIKVEELENERNQYEWKLKATKAEVAQLQEQVALKDAEIERLHSQLSRTAALHSESHTERDQEIQRLKMGMETLLLANEDKDRRIEELTGLLNQYRKVKEIVMVTQGPSERTLSINEEEPEGGFSKWNATNKDPEELFKQEMPPRCSSPTVGPPPLPQKSLETRAQKKLSCSLEDLRSESVDKCMDGNQPFPVLEPKDSPFLAEHKYPTLPGKLSGATPNGEAAKSPPTICQPDATGSSLLRLRDTESGWDDTAVVNDLSSTSSGTESGPQSPLTPDGKRNPKGIKKFWGKIRRTQSGNFYTDTLGVAEFRRGGLRATAGPRLSRTRDSKGQKSDANAPFAQWSTERVCAWLEDFGLAQYVIFARQWVSSGHTLLTATPQDMEKELGIKHPLHRKKLVLAVKAINTKQEEKSALLDHIWVTRWLDDIGLPQYKDQFHESRVDGRMLQYLTVNDLLFLKVTSQLHHLSIKCAIHVLHVNKFNPHCLHRRPADESNLSPSEVVQWSNHRVMEWLRSVDLAEYAPNLRGSGVHGGLIILEPRFTGDTLAMLLNIPPQKTLLRRHLTTKFNALIGPEAEQEKREKMASPAYTPLTTRWDRLADALVTCPLCTLRAHSNTVCVTI	B7Z7G3|TX=9606 OS=Human GN=
GR_LCL_2D_ETHCD_fr2_immunopeptidome.02809.02809.2	SPAALSRAL	9	Spliced_only	33.089	0.00016072002572	IP_240433; IP_240434; IP_2952993	AltProt (Novel Alternative Protein)	ZNF200	XR_007064908.1,ENST00000396870.8,XM_047434596.1,NM_001145447.2,ENST00000431561.7,NM_003454.4	113	MSPAALSRALTAERSRQAVCGHLLGLASAPRESHQPPPRPKGTGGSFGSRAWLSGRFPLVRGGSGGPAKRVWCVVARHDGCKSGSYAPKAKAVLYTESSARLQAGPRPTSRCH	IP_240433|TX=9606 OS=Human GN=ZNF200 TA=XR_007064908.1,ENST00000396870.8,XM_047434596.1,NM_001145447.2,ENST00000431561.7,NM_003454.4 PA=IP_240433
GR_LCL_2D_ETHCD_fr3_immunopeptidome.02968.02968.2	SSEKPNWDY	9	Spliced_only	34.009	0.0	XP_011509970.1	RefProt (Canonical Protein)	MRPL44	XM_011511668.3	318	MCVNNEEVQGQKPWKHQQVWKKGRNQKKRLERSQPPPAPLPPDSMSSEKPNWDYHAEIQAFGHRLQENFSLDLLKTAFVNSCYIKSEEAKRQQLGIEKEAVLLNLKSNQELSEQGTSFSQTCLTQFLEDEYPDMPTEGIKNLVDFLTGEEVVCHVARNLAVEQLTLSEEFPVPPAVLQQTFFAVIGALLQSSGPERTALFIRDFLITQMTGKELFEMWKIINPMGLLVEELKKRNVSAPESRLTRQSGGTTALPLYFVGLYCDKKLIAEGPGETVLVAEEEAARVALRKLYGFTENRRPWNYSKPKETLRAEKSITAS	XP_011509970.1|TX=9606 OS=Human GN=MRPL44 TA=XM_011511668.3 PA=XP_011509970.1
GR_LCL_2D_ETHCD_fr2_immunopeptidome.01510.01510.2	VPATRSATL	9	Spliced_only	28.251	0.00053961687202	II_3755188	Isoform (Novel Predicted Isoform)	TEX9	NM_001385048.1	38	MAGRSLCLTKQRSRDSVPATRSATLYTWTRPPRLGGRI	II_3755188|TX=9606 OS=Human GN=TEX9 TA=NM_001385048.1 PA=II_3755188
